[
  {
    "id": "01-01_saint_almachius",
    "name": "Saint Almachius",
    "mmdd": "01-01",
    "feast": "The First Day of January"
  },
  {
    "id": "01-02_saint_stephen",
    "name": "Saint Stephen",
    "mmdd": "01-02",
    "feast": "The Second Day of January"
  },
  {
    "id": "01-03_saint_john",
    "name": "Saint John",
    "mmdd": "01-03",
    "feast": "The Third Day of January"
  },
  {
    "id": "01-04_saint_titus",
    "name": "Saint Titus",
    "mmdd": "01-04",
    "feast": "The Fourth Day of January"
  },
  {
    "id": "01-05_saint_telesphorus",
    "name": "Saint Telesphorus",
    "mmdd": "01-05",
    "feast": "The Fifth Day of January"
  },
  {
    "id": "01-06_saint_macra",
    "name": "Saint Macra",
    "mmdd": "01-06",
    "feast": "The Sixth Day of January"
  },
  {
    "id": "01-07_saint_john_chrysostom",
    "name": "Saint John Chrysostom",
    "mmdd": "01-07",
    "feast": "The Seventh Day of January"
  },
  {
    "id": "01-08_saint_denis",
    "name": "Saint Denis",
    "mmdd": "01-08",
    "feast": "The Eighth Day of January"
  },
  {
    "id": "01-09_saint_marciana",
    "name": "Saint Marciana",
    "mmdd": "01-09",
    "feast": "The Nineth Day of January"
  },
  {
    "id": "01-10_saint_agatho",
    "name": "Saint Agatho",
    "mmdd": "01-10",
    "feast": "The Tenth Day of January"
  },
  {
    "id": "01-11_saint_hyginus",
    "name": "Saint Hyginus",
    "mmdd": "01-11",
    "feast": "The Eleventh Day of January"
  },
  {
    "id": "01-12_saint_tatiana",
    "name": "Saint Tatiana",
    "mmdd": "01-12",
    "feast": "The Twelfth Day of January"
  },
  {
    "id": "01-13_saint_potitus",
    "name": "Saint Potitus",
    "mmdd": "01-13",
    "feast": "The Thirteenth Day of January"
  },
  {
    "id": "01-14_saint_felix",
    "name": "Saint Felix",
    "mmdd": "01-14",
    "feast": "The Fourteenth Day of January"
  },
  {
    "id": "01-15_saint_maur",
    "name": "Saint Maur",
    "mmdd": "01-15",
    "feast": "The Fifteenth Day of January"
  },
  {
    "id": "01-16_saint_john_the_baptist",
    "name": "Saint John the Baptist",
    "mmdd": "01-16",
    "feast": "The Sixteenth Day of January"
  },
  {
    "id": "01-17_saint_anthony",
    "name": "Saint Anthony",
    "mmdd": "01-17",
    "feast": "The Seventeenth Day of January"
  },
  {
    "id": "01-18_saint_peter",
    "name": "Saint Peter",
    "mmdd": "01-18",
    "feast": "The Eighteenth Day of January"
  },
  {
    "id": "01-19_saint_marius",
    "name": "Saint Marius",
    "mmdd": "01-19",
    "feast": "The Nineteenth Day of January"
  },
  {
    "id": "01-20_saint_fabian",
    "name": "Saint Fabian",
    "mmdd": "01-20",
    "feast": "The Twentieth Day of January"
  },
  {
    "id": "01-21_saint_agnes",
    "name": "Saint Agnes",
    "mmdd": "01-21",
    "feast": "The Twenty-First Day of January"
  },
  {
    "id": "01-22_saint_vincent",
    "name": "Saint Vincent",
    "mmdd": "01-22",
    "feast": "The Twenty-Second Day of January"
  },
  {
    "id": "01-23_saint_raymond_of_pennafort",
    "name": "Saint Raymond of Pennafort",
    "mmdd": "01-23",
    "feast": "The Twenty-Third Day of January"
  },
  {
    "id": "01-24_saint_timothy",
    "name": "Saint Timothy",
    "mmdd": "01-24",
    "feast": "The Twenty-Fourth Day of January"
  },
  {
    "id": "01-25_saint_paul_the_apostle",
    "name": "Saint Paul the Apostle",
    "mmdd": "01-25",
    "feast": "The Twenty-Fifth Day of January"
  },
  {
    "id": "01-26_saint_polycarp",
    "name": "Saint Polycarp",
    "mmdd": "01-26",
    "feast": "The Twenty-Sixth Day of January"
  },
  {
    "id": "01-27_saint_john",
    "name": "Saint John",
    "mmdd": "01-27",
    "feast": "The Twenty-Seventh Day of January"
  },
  {
    "id": "01-28_saint_agnes",
    "name": "Saint Agnes",
    "mmdd": "01-28",
    "feast": "The Twenty-Eighth Day of January"
  },
  {
    "id": "01-29_saint_francis_of_sales",
    "name": "Saint Francis of Sales",
    "mmdd": "01-29",
    "feast": "The Twenty-Ninth Day of January"
  },
  {
    "id": "01-30_saint_martina",
    "name": "Saint Martina",
    "mmdd": "01-30",
    "feast": "The Thirtieth Day of January"
  },
  {
    "id": "01-31_saint_peter_nolasco",
    "name": "Saint Peter Nolasco",
    "mmdd": "01-31",
    "feast": "The Thirty-First Day of January"
  },
  {
    "id": "02-01_saint_ignatius",
    "name": "Saint Ignatius",
    "mmdd": "02-01",
    "feast": "The First Day of February"
  },
  {
    "id": "02-02_blessed_virgin_mary",
    "name": "Blessed Virgin Mary",
    "mmdd": "02-02",
    "feast": "The Second Day of February"
  },
  {
    "id": "02-03_saint_blasius",
    "name": "Saint Blasius",
    "mmdd": "02-03",
    "feast": "The Third Day of February"
  },
  {
    "id": "02-04_saint_andrew_corsini",
    "name": "Saint Andrew Corsini",
    "mmdd": "02-04",
    "feast": "The Fourth Day of February"
  },
  {
    "id": "02-05_saint_agatha",
    "name": "Saint Agatha",
    "mmdd": "02-05",
    "feast": "The Fifth Day of February"
  },
  {
    "id": "02-06_saint_titus",
    "name": "Saint Titus",
    "mmdd": "02-06",
    "feast": "The Sixth Day of February"
  },
  {
    "id": "02-07_saint_adaucus",
    "name": "Saint Adaucus",
    "mmdd": "02-07",
    "feast": "The Seventh Day of February"
  },
  {
    "id": "02-08_saint_jerome_aemiliani",
    "name": "Saint Jerome AEmiliani",
    "mmdd": "02-08",
    "feast": "The Eighth Day of February"
  },
  {
    "id": "02-09_saint_cyril",
    "name": "Saint Cyril",
    "mmdd": "02-09",
    "feast": "The Ninth Day of February"
  },
  {
    "id": "02-10_saint_scholastica",
    "name": "Saint Scholastica",
    "mmdd": "02-10",
    "feast": "The Tenth Day of February"
  },
  {
    "id": "02-11_blessed_virgin_mary_immaculate",
    "name": "Blessed Virgin Mary Immaculate",
    "mmdd": "02-11",
    "feast": "The Eleventh Day of February"
  },
  {
    "id": "02-12_blessed_virgin_mary",
    "name": "Blessed Virgin Mary",
    "mmdd": "02-12",
    "feast": "The Twelfth Day of February"
  },
  {
    "id": "02-13_saint_luke",
    "name": "Saint Luke",
    "mmdd": "02-13",
    "feast": "The Thirteenth Day of February"
  },
  {
    "id": "02-14_saint_vitalis",
    "name": "Saint Vitalis",
    "mmdd": "02-14",
    "feast": "The Fourteenth Day of February"
  },
  {
    "id": "02-15_saint_faustinus",
    "name": "Saint Faustinus",
    "mmdd": "02-15",
    "feast": "The Fifteenth Day of February"
  },
  {
    "id": "02-16_saint_paul_wrote_to_philemon",
    "name": "Saint Paul wrote to Philemon",
    "mmdd": "02-16",
    "feast": "The Sixteenth Day of February"
  },
  {
    "id": "02-17_saint_faustinus",
    "name": "Saint Faustinus",
    "mmdd": "02-17",
    "feast": "The Seventeenth Day of February"
  },
  {
    "id": "02-18_saint_simeon",
    "name": "Saint Simeon",
    "mmdd": "02-18",
    "feast": "The Eighteenth Day of February"
  },
  {
    "id": "02-19_saint_pothamius",
    "name": "Saint Pothamius",
    "mmdd": "02-19",
    "feast": "The Nineteenth Day of February"
  },
  {
    "id": "02-20_saint_eleutherius",
    "name": "Saint Eleutherius",
    "mmdd": "02-20",
    "feast": "The Twentieth Day of February"
  },
  {
    "id": "02-21_saint_verulus",
    "name": "Saint Verulus",
    "mmdd": "02-21",
    "feast": "The Twenty-First Day of February"
  },
  {
    "id": "02-22_saint_peter",
    "name": "Saint Peter",
    "mmdd": "02-22",
    "feast": "The Twenty-Second Day of February"
  },
  {
    "id": "02-23_saint_matthias_is_not_announced_today",
    "name": "Saint Matthias is not announced today",
    "mmdd": "02-23",
    "feast": "The Twenty-Third Day of February"
  },
  {
    "id": "02-24_saint_matthias",
    "name": "Saint Matthias",
    "mmdd": "02-24",
    "feast": "The Twenty-Fourth Day of February"
  },
  {
    "id": "02-25_saint_victorinus",
    "name": "Saint Victorinus",
    "mmdd": "02-25",
    "feast": "The Twenty-Fifth Day of February"
  },
  {
    "id": "02-26_saint_nestor_to_martyrdom",
    "name": "Saint Nestor to martyrdom",
    "mmdd": "02-26",
    "feast": "The Twenty-Sixth Day of February"
  },
  {
    "id": "02-27_saint_alexander",
    "name": "Saint Alexander",
    "mmdd": "02-27",
    "feast": "The Twenty-Seventh Day of February"
  },
  {
    "id": "02-28_saint_macarius",
    "name": "Saint Macarius",
    "mmdd": "02-28",
    "feast": "The Twenty-Eighth Day of February"
  },
  {
    "id": "02-29_saint_confessor_david",
    "name": "Saint Confessor David",
    "mmdd": "02-29",
    "feast": "Leap Day (Feb 29)"
  },
  {
    "id": "03-01_saint_leo",
    "name": "Saint Leo",
    "mmdd": "03-01",
    "feast": "The First Day of March"
  },
  {
    "id": "03-02_saint_jovinus",
    "name": "Saint Jovinus",
    "mmdd": "03-02",
    "feast": "The Second day of March"
  },
  {
    "id": "03-03_saint_marinus",
    "name": "Saint Marinus",
    "mmdd": "03-03",
    "feast": "The Third day of March"
  },
  {
    "id": "03-04_saint_lucius",
    "name": "Saint Lucius",
    "mmdd": "03-04",
    "feast": "The Fourth day of March"
  },
  {
    "id": "03-05_saint_phocas",
    "name": "Saint Phocas",
    "mmdd": "03-05",
    "feast": "The Fifth day of March"
  },
  {
    "id": "03-06_saint_perpetua",
    "name": "Saint Perpetua",
    "mmdd": "03-06",
    "feast": "The Sixth day of March"
  },
  {
    "id": "03-07_saint_thomas_of_aquin",
    "name": "Saint Thomas of Aquin",
    "mmdd": "03-07",
    "feast": "The Seventh day of March"
  },
  {
    "id": "03-08_saint_john_of_god",
    "name": "Saint John of God",
    "mmdd": "03-08",
    "feast": "The Eighth day of March"
  },
  {
    "id": "03-09_saint_frances",
    "name": "Saint Frances",
    "mmdd": "03-09",
    "feast": "The Ninth day of March"
  },
  {
    "id": "03-10_saint_caius",
    "name": "Saint Caius",
    "mmdd": "03-10",
    "feast": "The Tenth Day of March"
  },
  {
    "id": "03-11_saint_heraclius",
    "name": "Saint Heraclius",
    "mmdd": "03-11",
    "feast": "The Eleventh Day of March"
  },
  {
    "id": "03-12_saint_gregory",
    "name": "Saint Gregory",
    "mmdd": "03-12",
    "feast": "The Twelfth Day of March"
  },
  {
    "id": "03-13_saint_macedonius",
    "name": "Saint Macedonius",
    "mmdd": "03-13",
    "feast": "The Thirteenth Day of March"
  },
  {
    "id": "03-14_saint_peter",
    "name": "Saint Peter",
    "mmdd": "03-14",
    "feast": "The Fourteenth Day of March"
  },
  {
    "id": "03-15_saint_longinus",
    "name": "Saint Longinus",
    "mmdd": "03-15",
    "feast": "The Fifteenth Day of March"
  },
  {
    "id": "03-16_saint_cyriacus",
    "name": "Saint Cyriacus",
    "mmdd": "03-16",
    "feast": "The Sixteenth Day of March"
  },
  {
    "id": "03-17_saint_patrick",
    "name": "Saint Patrick",
    "mmdd": "03-17",
    "feast": "The Seventeenth Day of March"
  },
  {
    "id": "03-18_saint_cyril",
    "name": "Saint Cyril",
    "mmdd": "03-18",
    "feast": "The Eighteenth Day of March"
  },
  {
    "id": "03-19_saint_joseph",
    "name": "Saint Joseph",
    "mmdd": "03-19",
    "feast": "The Nineteenth Day of March"
  },
  {
    "id": "03-20_saint_joachim",
    "name": "Saint Joachim",
    "mmdd": "03-20",
    "feast": "The Twentieth Day of March"
  },
  {
    "id": "03-21_saint_gregory",
    "name": "Saint Gregory",
    "mmdd": "03-21",
    "feast": "The Twenty-First Day of March"
  },
  {
    "id": "03-22_saint_paul",
    "name": "Saint Paul",
    "mmdd": "03-22",
    "feast": "The Twenty-Second Day of March"
  },
  {
    "id": "03-23_saint_fidelis",
    "name": "Saint Fidelis",
    "mmdd": "03-23",
    "feast": "The Twenty-Third Day of March"
  },
  {
    "id": "03-24_saint_epigmenius",
    "name": "Saint Epigmenius",
    "mmdd": "03-24",
    "feast": "The Twenty-Fourth Day of March"
  },
  {
    "id": "03-25_blessed_virgin_mary",
    "name": "Blessed Virgin Mary",
    "mmdd": "03-25",
    "feast": "The Twenty-Fifth Day of March"
  },
  {
    "id": "03-26_saint_castulus",
    "name": "Saint Castulus",
    "mmdd": "03-26",
    "feast": "The Twenty-Sixth Day of March"
  },
  {
    "id": "03-27_saint_john_damascene",
    "name": "Saint John Damascene",
    "mmdd": "03-27",
    "feast": "The Twenty-Seventh Day of March"
  },
  {
    "id": "03-28_saint_priscus",
    "name": "Saint Priscus",
    "mmdd": "03-28",
    "feast": "The Twenty-Eighth Day of March"
  },
  {
    "id": "03-29_saint_jonas",
    "name": "Saint Jonas",
    "mmdd": "03-29",
    "feast": "The Twenty-Ninth Day of March"
  },
  {
    "id": "03-30_saint_alexander",
    "name": "Saint Alexander",
    "mmdd": "03-30",
    "feast": "The Thirtieth Day of March"
  },
  {
    "id": "03-31_saint_theodulus",
    "name": "Saint Theodulus",
    "mmdd": "03-31",
    "feast": "The Thirty-First Day of March"
  },
  {
    "id": "04-01_saint_theodora",
    "name": "Saint Theodora",
    "mmdd": "04-01",
    "feast": "The First Day of April"
  },
  {
    "id": "04-02_saint_amphian",
    "name": "Saint Amphian",
    "mmdd": "04-02",
    "feast": "The Second Day of April"
  },
  {
    "id": "04-03_saint_pancratius",
    "name": "Saint Pancratius",
    "mmdd": "04-03",
    "feast": "The Third Day of April"
  },
  {
    "id": "04-04_saint_isidore",
    "name": "Saint Isidore",
    "mmdd": "04-04",
    "feast": "The Fourth Day of April"
  },
  {
    "id": "04-05_saint_vincent_ferrer",
    "name": "Saint Vincent Ferrer",
    "mmdd": "04-05",
    "feast": "The Fifth Day of April"
  },
  {
    "id": "04-06_saint_timothy",
    "name": "Saint Timothy",
    "mmdd": "04-06",
    "feast": "The Sixth Day of April"
  },
  {
    "id": "04-07_saint_epiphanius",
    "name": "Saint Epiphanius",
    "mmdd": "04-07",
    "feast": "The Seventh Day of April"
  },
  {
    "id": "04-08_saint_aedesius",
    "name": "Saint AEdesius",
    "mmdd": "04-08",
    "feast": "The Eighth Day of April"
  },
  {
    "id": "04-09_saint_prochorus",
    "name": "Saint Prochorus",
    "mmdd": "04-09",
    "feast": "The Ninth Day of April"
  },
  {
    "id": "04-10_saint_alexander_baptized_whilst_he_was_detained_in_prison",
    "name": "Saint Alexander baptized whilst he was detained in prison",
    "mmdd": "04-10",
    "feast": "The Tenth Day of April"
  },
  {
    "id": "04-11_saint_leo",
    "name": "Saint Leo",
    "mmdd": "04-11",
    "feast": "The Eleventh Day of April"
  },
  {
    "id": "04-12_saint_zeno",
    "name": "Saint Zeno",
    "mmdd": "04-12",
    "feast": "The Twelfth Day of April"
  },
  {
    "id": "04-13_saint_hermenegild",
    "name": "Saint Hermenegild",
    "mmdd": "04-13",
    "feast": "The Thirteenth Day of April"
  },
  {
    "id": "04-14_saint_justin",
    "name": "Saint Justin",
    "mmdd": "04-14",
    "feast": "The Fourteenth Day of April"
  },
  {
    "id": "04-15_saint_maro",
    "name": "Saint Maro",
    "mmdd": "04-15",
    "feast": "The Fifteenth Day of April"
  },
  {
    "id": "04-16_saint_callistus",
    "name": "Saint Callistus",
    "mmdd": "04-16",
    "feast": "The Sixteenth Day of April"
  },
  {
    "id": "04-17_saint_anicetus",
    "name": "Saint Anicetus",
    "mmdd": "04-17",
    "feast": "The Seventeenth Day of April"
  },
  {
    "id": "04-18_saint_apollonius",
    "name": "Saint Apollonius",
    "mmdd": "04-18",
    "feast": "The Eighteenth Day of April"
  },
  {
    "id": "04-19_saint_sulpitius",
    "name": "Saint Sulpitius",
    "mmdd": "04-19",
    "feast": "The Nineteenth Day of April"
  },
  {
    "id": "04-20_saint_sulpicius",
    "name": "Saint Sulpicius",
    "mmdd": "04-20",
    "feast": "The Twentieth Day of April"
  },
  {
    "id": "04-21_saint_anselm",
    "name": "Saint Anselm",
    "mmdd": "04-21",
    "feast": "The Twenty-First Day of April"
  },
  {
    "id": "04-22_saint_soter",
    "name": "Saint Soter",
    "mmdd": "04-22",
    "feast": "The Twenty-Second Day of April"
  },
  {
    "id": "04-23_saint_george",
    "name": "Saint George",
    "mmdd": "04-23",
    "feast": "The Twenty-Third Day of April"
  },
  {
    "id": "04-24_saint_fidelis_of_sigmaringen",
    "name": "Saint Fidelis of Sigmaringen",
    "mmdd": "04-24",
    "feast": "The Twenty-Fourth Day of April"
  },
  {
    "id": "04-25_saint_peter",
    "name": "Saint Peter",
    "mmdd": "04-25",
    "feast": "The Twenty-Fifth Day of April"
  },
  {
    "id": "04-26_saint_peter",
    "name": "Saint Peter",
    "mmdd": "04-26",
    "feast": "The Twenty-Sixth Day of April"
  },
  {
    "id": "04-27_saint_anthimus",
    "name": "Saint Anthimus",
    "mmdd": "04-27",
    "feast": "The Twenty-Seventh Day of April"
  },
  {
    "id": "04-28_saint_vitalis",
    "name": "Saint Vitalis",
    "mmdd": "04-28",
    "feast": "The Twenty-Eighth Day of April"
  },
  {
    "id": "04-29_saint_peter",
    "name": "Saint Peter",
    "mmdd": "04-29",
    "feast": "The Twenty-Ninth Day of April"
  },
  {
    "id": "04-30_saint_catherine_of_siena",
    "name": "Saint Catherine of Siena",
    "mmdd": "04-30",
    "feast": "The Thirtieth Day of April"
  },
  {
    "id": "05-01_saint_jeremias",
    "name": "Saint Jeremias",
    "mmdd": "05-01",
    "feast": "The First Day of May"
  },
  {
    "id": "05-02_saint_athallasius",
    "name": "Saint Athallasius",
    "mmdd": "05-02",
    "feast": "The Second Day of May"
  },
  {
    "id": "05-03_saint_alexander",
    "name": "Saint Alexander",
    "mmdd": "05-03",
    "feast": "The Third Day of May"
  },
  {
    "id": "05-04_saint_monica",
    "name": "Saint Monica",
    "mmdd": "05-04",
    "feast": "The Fourth Day of May"
  },
  {
    "id": "05-05_saint_pius_v",
    "name": "Saint Pius V",
    "mmdd": "05-05",
    "feast": "The Fifth Day of May"
  },
  {
    "id": "05-06_saint_john_before_the_latin_gate",
    "name": "Saint John before the Latin Gate",
    "mmdd": "05-06",
    "feast": "The Sixth Day of May"
  },
  {
    "id": "05-07_saint_stanislaus",
    "name": "Saint Stanislaus",
    "mmdd": "05-07",
    "feast": "The Seventh Day of May"
  },
  {
    "id": "05-08_saint_michael",
    "name": "Saint Michael",
    "mmdd": "05-08",
    "feast": "The Eighth Day of May"
  },
  {
    "id": "05-09_saint_gregory",
    "name": "Saint Gregory",
    "mmdd": "05-09",
    "feast": "The Ninth Day of May"
  },
  {
    "id": "05-10_saint_gordian",
    "name": "Saint Gordian",
    "mmdd": "05-10",
    "feast": "The Tenth Day of May"
  },
  {
    "id": "05-11_saint_evelius",
    "name": "Saint Evelius",
    "mmdd": "05-11",
    "feast": "The Eleventh Day of May"
  },
  {
    "id": "05-12_saint_nereus",
    "name": "Saint Nereus",
    "mmdd": "05-12",
    "feast": "The Twelfth Day of May"
  },
  {
    "id": "05-13_saint_mary_of_the_martyrs",
    "name": "Saint Mary of the Martyrs",
    "mmdd": "05-13",
    "feast": "The Thirteenth Day of May"
  },
  {
    "id": "05-14_saint_boniface",
    "name": "Saint Boniface",
    "mmdd": "05-14",
    "feast": "The Fourteenth Day of May"
  },
  {
    "id": "05-15_saint_john_baptist_de_la_salle",
    "name": "Saint John Baptist de la Salle",
    "mmdd": "05-15",
    "feast": "The Fifteenth Day of May"
  },
  {
    "id": "05-16_saint_ubaldus",
    "name": "Saint Ubaldus",
    "mmdd": "05-16",
    "feast": "The Sixteenth Day of May"
  },
  {
    "id": "05-17_saint_pascal",
    "name": "Saint Pascal",
    "mmdd": "05-17",
    "feast": "The Seventeenth Day of May"
  },
  {
    "id": "05-18_saint_venantius",
    "name": "Saint Venantius",
    "mmdd": "05-18",
    "feast": "The Eighteenth Day of May"
  },
  {
    "id": "05-19_saint_peter_of_moroni",
    "name": "Saint Peter of Moroni",
    "mmdd": "05-19",
    "feast": "The Nineteenth Day of May"
  },
  {
    "id": "05-20_saint_bernardine_of_siena",
    "name": "Saint Bernardine of Siena",
    "mmdd": "05-20",
    "feast": "The Twentieth Day of May"
  },
  {
    "id": "05-21_saint_timothy",
    "name": "Saint Timothy",
    "mmdd": "05-21",
    "feast": "The Twenty-First Day of May"
  },
  {
    "id": "05-22_saint_faustinus",
    "name": "Saint Faustinus",
    "mmdd": "05-22",
    "feast": "The Twenty-Second Day of May"
  },
  {
    "id": "05-23_saint_epitacius",
    "name": "Saint Epitacius",
    "mmdd": "05-23",
    "feast": "The Twenty-Third Day of May"
  },
  {
    "id": "05-24_saint_manahen",
    "name": "Saint Manahen",
    "mmdd": "05-24",
    "feast": "The Twenty-Fourth Day of May"
  },
  {
    "id": "05-25_saint_diary_magdalen",
    "name": "Saint Diary Magdalen",
    "mmdd": "05-25",
    "feast": "The Twenty-Fifth Day of May"
  },
  {
    "id": "05-26_saint_philip_neri",
    "name": "Saint Philip Neri",
    "mmdd": "05-26",
    "feast": "The Twenty-Sixth Day of May"
  },
  {
    "id": "05-27_saint_john",
    "name": "Saint John",
    "mmdd": "05-27",
    "feast": "The Twenty-Seventh Day of May"
  },
  {
    "id": "05-28_saint_augustine",
    "name": "Saint Augustine",
    "mmdd": "05-28",
    "feast": "The Twenty-Eighth Day of May"
  },
  {
    "id": "05-29_saint_mary_magdalen",
    "name": "Saint Mary Magdalen",
    "mmdd": "05-29",
    "feast": "The Twenty-Nineth Day of May"
  },
  {
    "id": "05-30_saint_felix",
    "name": "Saint Felix",
    "mmdd": "05-30",
    "feast": "The Thirtieth Day of May"
  },
  {
    "id": "05-31_saint_angela_merici",
    "name": "Saint Angela Merici",
    "mmdd": "05-31",
    "feast": "The Thirty-First Day of May"
  },
  {
    "id": "06-01_saint_juventius",
    "name": "Saint Juventius",
    "mmdd": "06-01",
    "feast": "The First Day of June"
  },
  {
    "id": "06-02_saint_tiburtius",
    "name": "Saint Tiburtius",
    "mmdd": "06-02",
    "feast": "The Second Day of June"
  },
  {
    "id": "06-03_saint_pergentinus",
    "name": "Saint Pergentinus",
    "mmdd": "06-03",
    "feast": "The Third Day of June"
  },
  {
    "id": "06-04_saint_francis",
    "name": "Saint Francis",
    "mmdd": "06-04",
    "feast": "The Fourth Day of June"
  },
  {
    "id": "06-05_saint_marcian",
    "name": "Saint Marcian",
    "mmdd": "06-05",
    "feast": "The Fifth Day of June"
  },
  {
    "id": "06-06_saint_artemius",
    "name": "Saint Artemius",
    "mmdd": "06-06",
    "feast": "The Sixth Day of June"
  },
  {
    "id": "06-07_saint_paul",
    "name": "Saint Paul",
    "mmdd": "06-07",
    "feast": "The Seventh Day of June"
  },
  {
    "id": "06-08_saint_maximin",
    "name": "Saint Maximin",
    "mmdd": "06-08",
    "feast": "The Eighth Day of June"
  },
  {
    "id": "06-09_saint_primus",
    "name": "Saint Primus",
    "mmdd": "06-09",
    "feast": "The Nineth Day of June"
  },
  {
    "id": "06-10_saint_margaret",
    "name": "Saint Margaret",
    "mmdd": "06-10",
    "feast": "The Tenth Day of June"
  },
  {
    "id": "06-11_saint_barnabas",
    "name": "Saint Barnabas",
    "mmdd": "06-11",
    "feast": "The Eleventh Day of June"
  },
  {
    "id": "06-12_saint_john_of_st",
    "name": "Saint John of St",
    "mmdd": "06-12",
    "feast": "The Twelfth Day of June"
  },
  {
    "id": "06-13_saint_anthony",
    "name": "Saint Anthony",
    "mmdd": "06-13",
    "feast": "The Thirteenth Day of June"
  },
  {
    "id": "06-14_saint_basil",
    "name": "Saint Basil",
    "mmdd": "06-14",
    "feast": "The Fourteenth Day of June"
  },
  {
    "id": "06-15_saint_vitus",
    "name": "Saint Vitus",
    "mmdd": "06-15",
    "feast": "The Fifteenth Day of June"
  },
  {
    "id": "06-16_saint_ferreol",
    "name": "Saint Ferreol",
    "mmdd": "06-16",
    "feast": "The Sixteenth Day of June"
  },
  {
    "id": "06-17_saint_montanus",
    "name": "Saint Montanus",
    "mmdd": "06-17",
    "feast": "The Seventeenth Day of June"
  },
  {
    "id": "06-18_saint_cyriacus",
    "name": "Saint Cyriacus",
    "mmdd": "06-18",
    "feast": "The Eighteenth Day of June"
  },
  {
    "id": "06-19_saint_pastor",
    "name": "Saint Pastor",
    "mmdd": "06-19",
    "feast": "The Nineteenth Day of June"
  },
  {
    "id": "06-20_saint_silverius",
    "name": "Saint Silverius",
    "mmdd": "06-20",
    "feast": "The Twentieth day of June"
  },
  {
    "id": "06-21_saint_alban",
    "name": "Saint Alban",
    "mmdd": "06-21",
    "feast": "The Twenty-First Day of June"
  },
  {
    "id": "06-22_saint_alban",
    "name": "Saint Alban",
    "mmdd": "06-22",
    "feast": "The Twenty-Second day of June"
  },
  {
    "id": "06-23_saint_john_the_baptist",
    "name": "Saint John the Baptist",
    "mmdd": "06-23",
    "feast": "The Twenty-Third day of June"
  },
  {
    "id": "06-24_saint_john_the_baptist",
    "name": "Saint John the Baptist",
    "mmdd": "06-24",
    "feast": "The Twenty-Fourth day of June"
  },
  {
    "id": "06-25_saint_william",
    "name": "Saint William",
    "mmdd": "06-25",
    "feast": "The Twenty-Fifth day of June"
  },
  {
    "id": "06-26_saint_john",
    "name": "Saint John",
    "mmdd": "06-26",
    "feast": "The Twenty-Sixth day of June"
  },
  {
    "id": "06-27_saint_crescens",
    "name": "Saint Crescens",
    "mmdd": "06-27",
    "feast": "The Twenty-Seventh day of June"
  },
  {
    "id": "06-28_saint_leon",
    "name": "Saint Leon",
    "mmdd": "06-28",
    "feast": "The Twenty-Eighth day of June"
  },
  {
    "id": "06-29_saint_marcellus",
    "name": "Saint Marcellus",
    "mmdd": "06-29",
    "feast": "The Twenty-Ninth day of June"
  },
  {
    "id": "06-30_saint_martial",
    "name": "Saint Martial",
    "mmdd": "06-30",
    "feast": "The Thirtieth day of June"
  },
  {
    "id": "07-01_saint_john_the_baptist",
    "name": "Saint John the Baptist",
    "mmdd": "07-01",
    "feast": "The First Day of July"
  },
  {
    "id": "07-02_blessed_virgin_mary_to_elizabeth",
    "name": "Blessed Virgin Mary to Elizabeth",
    "mmdd": "07-02",
    "feast": "The Second Day of July"
  },
  {
    "id": "07-03_saint_tryphon",
    "name": "Saint Tryphon",
    "mmdd": "07-03",
    "feast": "The Third Day of July"
  },
  {
    "id": "07-04_saint_jucundian",
    "name": "Saint Jucundian",
    "mmdd": "07-04",
    "feast": "The Fourth Day of July"
  },
  {
    "id": "07-05_saint_anthony_mary_zaccaria",
    "name": "Saint Anthony Mary Zaccaria",
    "mmdd": "07-05",
    "feast": "The Fifth Day of July"
  },
  {
    "id": "07-06_saint_tranquillinus",
    "name": "Saint Tranquillinus",
    "mmdd": "07-06",
    "feast": "The Sixth Day of July"
  },
  {
    "id": "07-07_saint_sebastian",
    "name": "Saint Sebastian",
    "mmdd": "07-07",
    "feast": "The Seventh Day of July"
  },
  {
    "id": "07-08_saint_bonosa",
    "name": "Saint Bonosa",
    "mmdd": "07-08",
    "feast": "The Eighth Day of July"
  },
  {
    "id": "07-09_saint_zeno",
    "name": "Saint Zeno",
    "mmdd": "07-09",
    "feast": "The Ninth Day of July"
  },
  {
    "id": "07-10_saint_januarius",
    "name": "Saint Januarius",
    "mmdd": "07-10",
    "feast": "The Tenth Day of July"
  },
  {
    "id": "07-11_saint_januarius",
    "name": "Saint Januarius",
    "mmdd": "07-11",
    "feast": "The Eleventh Day of July"
  },
  {
    "id": "07-12_saint_john_gualbert",
    "name": "Saint John Gualbert",
    "mmdd": "07-12",
    "feast": "The Twelfth Day of July"
  },
  {
    "id": "07-13_saint_anacletus",
    "name": "Saint Anacletus",
    "mmdd": "07-13",
    "feast": "The Thirteenth Day of July"
  },
  {
    "id": "07-14_saint_bonaventure",
    "name": "Saint Bonaventure",
    "mmdd": "07-14",
    "feast": "The Fourteenth Day of July"
  },
  {
    "id": "07-15_saint_henry_i",
    "name": "Saint Henry I",
    "mmdd": "07-15",
    "feast": "The Fifteenth Day of July"
  },
  {
    "id": "07-16_blessed_virgin_mary_of_mount_carmel",
    "name": "Blessed Virgin Mary of Mount Carmel",
    "mmdd": "07-16",
    "feast": "The Sixteenth Day of July"
  },
  {
    "id": "07-17_saint_alexius",
    "name": "Saint Alexius",
    "mmdd": "07-17",
    "feast": "The Seventeenth Day of July"
  },
  {
    "id": "07-18_saint_camillus_de_lellis",
    "name": "Saint Camillus de Lellis",
    "mmdd": "07-18",
    "feast": "The Eighteenth Day of July"
  },
  {
    "id": "07-19_saint_confessor_jerome_miani",
    "name": "Saint Confessor Jerome Miani",
    "mmdd": "07-19",
    "feast": "The Nineteenth Day of July"
  },
  {
    "id": "07-20_saint_jerome_aemiliani",
    "name": "Saint Jerome AEmiliani",
    "mmdd": "07-20",
    "feast": "The Twentieth Day of July"
  },
  {
    "id": "07-21_saint_victor",
    "name": "Saint Victor",
    "mmdd": "07-21",
    "feast": "The Twenty-First Day of July"
  },
  {
    "id": "07-22_saint_mary_magdalen",
    "name": "Saint Mary Magdalen",
    "mmdd": "07-22",
    "feast": "The Twenty-Second Day of July"
  },
  {
    "id": "07-23_saint_liborius",
    "name": "Saint Liborius",
    "mmdd": "07-23",
    "feast": "The Twenty-Third Day of July"
  },
  {
    "id": "07-24_saint_james",
    "name": "Saint James",
    "mmdd": "07-24",
    "feast": "The Twenty-Fourth Day of July"
  },
  {
    "id": "07-25_saint_christopher",
    "name": "Saint Christopher",
    "mmdd": "07-25",
    "feast": "The Twenty-Fifth Day of July"
  },
  {
    "id": "07-26_saint_anne",
    "name": "Saint Anne",
    "mmdd": "07-26",
    "feast": "The Twenty-Sixth Day of July"
  },
  {
    "id": "07-27_saint_pantaleon",
    "name": "Saint Pantaleon",
    "mmdd": "07-27",
    "feast": "The Twenty-Seventh Day of July"
  },
  {
    "id": "07-28_saint_victor",
    "name": "Saint Victor",
    "mmdd": "07-28",
    "feast": "The Twenty-Eighth Day of July"
  },
  {
    "id": "07-29_saint_martha",
    "name": "Saint Martha",
    "mmdd": "07-29",
    "feast": "The Twenty-Ninth Day of July"
  },
  {
    "id": "07-30_saint_persian_martyrs_abdon",
    "name": "Saint Persian martyrs Abdon",
    "mmdd": "07-30",
    "feast": "The Thirtieth Day of July"
  },
  {
    "id": "07-31_saint_ignatius",
    "name": "Saint Ignatius",
    "mmdd": "07-31",
    "feast": "The Thirty-First Day of July"
  },
  {
    "id": "08-01_saint_peter_in_chains",
    "name": "Saint Peter in Chains",
    "mmdd": "08-01",
    "feast": "The First Day of August"
  },
  {
    "id": "08-02_saint_alphonsus_maria_de_liguori",
    "name": "Saint Alphonsus Maria de Liguori",
    "mmdd": "08-02",
    "feast": "The Second Day of August"
  },
  {
    "id": "08-03_saint_aspren",
    "name": "Saint Aspren",
    "mmdd": "08-03",
    "feast": "The Third Day of August"
  },
  {
    "id": "08-04_saint_dominic",
    "name": "Saint Dominic",
    "mmdd": "08-04",
    "feast": "The Fourth Day of August"
  },
  {
    "id": "08-05_saint_mary_of_the_snows",
    "name": "Saint Mary of the Snows",
    "mmdd": "08-05",
    "feast": "The Fifth Day of August"
  },
  {
    "id": "08-06_saint_cyprian",
    "name": "Saint Cyprian",
    "mmdd": "08-06",
    "feast": "The Sixth Day of August"
  },
  {
    "id": "08-07_saint_cajetan_of_tiene",
    "name": "Saint Cajetan of Tiene",
    "mmdd": "08-07",
    "feast": "The Seventh Day of August"
  },
  {
    "id": "08-08_saint_marcellus_to_the_estate_of_lucina",
    "name": "Saint Marcellus to the estate of Lucina",
    "mmdd": "08-08",
    "feast": "The Eighth Day of August"
  },
  {
    "id": "08-09_saint_lawrence",
    "name": "Saint Lawrence",
    "mmdd": "08-09",
    "feast": "The Ninth Day of August"
  },
  {
    "id": "08-10_saint_asteria",
    "name": "Saint Asteria",
    "mmdd": "08-10",
    "feast": "The Tenth Day of August"
  },
  {
    "id": "08-11_saint_tiburtius",
    "name": "Saint Tiburtius",
    "mmdd": "08-11",
    "feast": "The Eleventh Day of August"
  },
  {
    "id": "08-12_saint_clare",
    "name": "Saint Clare",
    "mmdd": "08-12",
    "feast": "The Twelfth Day of August"
  },
  {
    "id": "08-13_saint_cassian",
    "name": "Saint Cassian",
    "mmdd": "08-13",
    "feast": "The Thirteenth Day of August"
  },
  {
    "id": "08-14_saint_ursicius",
    "name": "Saint Ursicius",
    "mmdd": "08-14",
    "feast": "The Fourteenth Day of August"
  },
  {
    "id": "08-15_saint_virgin_mary",
    "name": "Saint Virgin Mary",
    "mmdd": "08-15",
    "feast": "The Fifteenth Day of August"
  },
  {
    "id": "08-16_saint_titus",
    "name": "Saint Titus",
    "mmdd": "08-16",
    "feast": "The Sixteenth Day of August"
  },
  {
    "id": "08-17_saint_lawrence",
    "name": "Saint Lawrence",
    "mmdd": "08-17",
    "feast": "The Seventeenth Day of August"
  },
  {
    "id": "08-18_saint_agapitus",
    "name": "Saint Agapitus",
    "mmdd": "08-18",
    "feast": "The Eighteenth Day of August"
  },
  {
    "id": "08-19_saint_bernard",
    "name": "Saint Bernard",
    "mmdd": "08-19",
    "feast": "The Nineteenth Day of August"
  },
  {
    "id": "08-20_saint_bernard",
    "name": "Saint Bernard",
    "mmdd": "08-20",
    "feast": "The Twentieth Day of August"
  },
  {
    "id": "08-21_saint_jane_frances_fremiot_de_chantal",
    "name": "Saint Jane Frances Fremiot de Chantal",
    "mmdd": "08-21",
    "feast": "The Twenty-First Day of August"
  },
  {
    "id": "08-22_saint_timothy",
    "name": "Saint Timothy",
    "mmdd": "08-22",
    "feast": "The Twenty-Second Day of August"
  },
  {
    "id": "08-23_saint_bartholomew",
    "name": "Saint Bartholomew",
    "mmdd": "08-23",
    "feast": "The Twenty-Third Day of August"
  },
  {
    "id": "08-24_saint_bartholomew",
    "name": "Saint Bartholomew",
    "mmdd": "08-24",
    "feast": "The Twenty-Fourth Day of August"
  },
  {
    "id": "08-25_saint_louis",
    "name": "Saint Louis",
    "mmdd": "08-25",
    "feast": "The Twenty-Fifth Day of August"
  },
  {
    "id": "08-26_saint_zephirinus",
    "name": "Saint Zephirinus",
    "mmdd": "08-26",
    "feast": "The Twenty-Sixth Day of August"
  },
  {
    "id": "08-27_saint_joseph",
    "name": "Saint Joseph",
    "mmdd": "08-27",
    "feast": "The Twenty-Seventh Day of August"
  },
  {
    "id": "08-28_saint_augustine",
    "name": "Saint Augustine",
    "mmdd": "08-28",
    "feast": "The Twenty-Eighth Day of August"
  },
  {
    "id": "08-29_saint_john_the_baptist",
    "name": "Saint John the Baptist",
    "mmdd": "08-29",
    "feast": "The Twenty-Ninth Day of August"
  },
  {
    "id": "08-30_saint_rose_of_st",
    "name": "Saint Rose of St",
    "mmdd": "08-30",
    "feast": "The Thirtieth Day of August"
  },
  {
    "id": "08-31_blessed_mary_of_ransom_for_the_redemption_of_prisoners",
    "name": "Blessed Mary of Ransom for the Redemption of Prisoners",
    "mmdd": "08-31",
    "feast": "The Thirty-First Day of August"
  },
  {
    "id": "09-01_saint_giles",
    "name": "Saint Giles",
    "mmdd": "09-01",
    "feast": "The First Day of September"
  },
  {
    "id": "09-02_saint_stephen",
    "name": "Saint Stephen",
    "mmdd": "09-02",
    "feast": "The Second Day of September"
  },
  {
    "id": "09-03_saint_serapia",
    "name": "Saint Serapia",
    "mmdd": "09-03",
    "feast": "The Third Day of September"
  },
  {
    "id": "09-04_saint_marcellus",
    "name": "Saint Marcellus",
    "mmdd": "09-04",
    "feast": "The Fourth Day of September"
  },
  {
    "id": "09-05_saint_lawrence_justinian",
    "name": "Saint Lawrence Justinian",
    "mmdd": "09-05",
    "feast": "The Fifth Day of September"
  },
  {
    "id": "09-06_saint_onesiphorus",
    "name": "Saint Onesiphorus",
    "mmdd": "09-06",
    "feast": "The Sixth Day of September"
  },
  {
    "id": "09-07_saint_eupsychius",
    "name": "Saint Eupsychius",
    "mmdd": "09-07",
    "feast": "The Seventh Day of September"
  },
  {
    "id": "09-08_saint_adrian",
    "name": "Saint Adrian",
    "mmdd": "09-08",
    "feast": "The Eighth Day of September"
  },
  {
    "id": "09-09_saint_peter",
    "name": "Saint Peter",
    "mmdd": "09-09",
    "feast": "The Ninth Day of September"
  },
  {
    "id": "09-10_saint_nicholas",
    "name": "Saint Nicholas",
    "mmdd": "09-10",
    "feast": "The Tenth Day of September"
  },
  {
    "id": "09-11_saint_protus",
    "name": "Saint Protus",
    "mmdd": "09-11",
    "feast": "The Eleventh Day of September"
  },
  {
    "id": "09-12_blessed_virgin_mary",
    "name": "Blessed Virgin Mary",
    "mmdd": "09-12",
    "feast": "The Twelfth Day of September"
  },
  {
    "id": "09-13_saint_eugenia",
    "name": "Saint Eugenia",
    "mmdd": "09-13",
    "feast": "The Thirteenth Day of September"
  },
  {
    "id": "09-14_saint_cyprian",
    "name": "Saint Cyprian",
    "mmdd": "09-14",
    "feast": "The Fourteenth Day of September"
  },
  {
    "id": "09-15_blessed_virgin_mary",
    "name": "Blessed Virgin Mary",
    "mmdd": "09-15",
    "feast": "The Fifteenth Day of September"
  },
  {
    "id": "09-16_saint_euphemia",
    "name": "Saint Euphemia",
    "mmdd": "09-16",
    "feast": "The Sixteenth Day of September"
  },
  {
    "id": "09-17_saint_francis",
    "name": "Saint Francis",
    "mmdd": "09-17",
    "feast": "The Seventeenth Day of September"
  },
  {
    "id": "09-18_saint_joseph_of_cupertino",
    "name": "Saint Joseph of Cupertino",
    "mmdd": "09-18",
    "feast": "The Eighteenth Day of September"
  },
  {
    "id": "09-19_saint_eustace",
    "name": "Saint Eustace",
    "mmdd": "09-19",
    "feast": "The Nineteenth Day of September"
  },
  {
    "id": "09-20_saint_matthew",
    "name": "Saint Matthew",
    "mmdd": "09-20",
    "feast": "The Twentieth Day of September"
  },
  {
    "id": "09-21_saint_matthew",
    "name": "Saint Matthew",
    "mmdd": "09-21",
    "feast": "The Twenty-First Day of September"
  },
  {
    "id": "09-22_saint_thomas",
    "name": "Saint Thomas",
    "mmdd": "09-22",
    "feast": "The Twenty-Second Day of September"
  },
  {
    "id": "09-23_saint_linus",
    "name": "Saint Linus",
    "mmdd": "09-23",
    "feast": "The Twenty-Third Day of September"
  },
  {
    "id": "09-24_our_lady_of_ransom",
    "name": "our Lady of Ransom",
    "mmdd": "09-24",
    "feast": "The Twenty-Fourth Day of September"
  },
  {
    "id": "09-25_saint_herculanus",
    "name": "Saint Herculanus",
    "mmdd": "09-25",
    "feast": "The Twenty-Fifth Day of September"
  },
  {
    "id": "09-26_saint_epicharis",
    "name": "Saint Epicharis",
    "mmdd": "09-26",
    "feast": "The Twenty-Sixth Day of September"
  },
  {
    "id": "09-27_saint_wenceslaus",
    "name": "Saint Wenceslaus",
    "mmdd": "09-27",
    "feast": "The Twenty-Seventh Day of September"
  },
  {
    "id": "09-28_saint_eutychius",
    "name": "Saint Eutychius",
    "mmdd": "09-28",
    "feast": "The Twenty-Eighth Day of September"
  },
  {
    "id": "09-29_saint_mary_the_greater",
    "name": "Saint Mary the Greater",
    "mmdd": "09-29",
    "feast": "The Twenty-Ninth Day of September"
  },
  {
    "id": "09-30_saint_jerome",
    "name": "Saint Jerome",
    "mmdd": "09-30",
    "feast": "The Thirtieth Day of September"
  },
  {
    "id": "10-01_saint_remigius",
    "name": "Saint Remigius",
    "mmdd": "10-01",
    "feast": "The First Day of October"
  },
  {
    "id": "10-02_saint_guardian_angels",
    "name": "Saint Guardian Angels",
    "mmdd": "10-02",
    "feast": "The Second Day of October"
  },
  {
    "id": "10-03_saint_candidus",
    "name": "Saint Candidus",
    "mmdd": "10-03",
    "feast": "The Third Day of October"
  },
  {
    "id": "10-04_saint_francis",
    "name": "Saint Francis",
    "mmdd": "10-04",
    "feast": "The Fourth Day of October"
  },
  {
    "id": "10-05_saint_placidus",
    "name": "Saint Placidus",
    "mmdd": "10-05",
    "feast": "The Fifth Day of October"
  },
  {
    "id": "10-06_saint_bruno",
    "name": "Saint Bruno",
    "mmdd": "10-06",
    "feast": "The Sixth Day of October"
  },
  {
    "id": "10-07_saint_pius_v",
    "name": "Saint Pius V",
    "mmdd": "10-07",
    "feast": "The Seventh Day of October"
  },
  {
    "id": "10-08_saint_reparata",
    "name": "Saint Reparata",
    "mmdd": "10-08",
    "feast": "The Eighth Day of October"
  },
  {
    "id": "10-09_saint_paul",
    "name": "Saint Paul",
    "mmdd": "10-09",
    "feast": "The Ninth Day of October"
  },
  {
    "id": "10-10_saint_francis_borgia",
    "name": "Saint Francis Borgia",
    "mmdd": "10-10",
    "feast": "The Tenth Day of October"
  },
  {
    "id": "10-11_saint_tharacus",
    "name": "Saint Tharacus",
    "mmdd": "10-11",
    "feast": "The Eleventh Day of October"
  },
  {
    "id": "10-12_saint_evagrius",
    "name": "Saint Evagrius",
    "mmdd": "10-12",
    "feast": "The Twelfth Day of October"
  },
  {
    "id": "10-13_saint_edward",
    "name": "Saint Edward",
    "mmdd": "10-13",
    "feast": "The Thirteenth Day of October"
  },
  {
    "id": "10-14_saint_fortunata",
    "name": "Saint Fortunata",
    "mmdd": "10-14",
    "feast": "The Fourteenth Day of October"
  },
  {
    "id": "10-15_saint_theresa",
    "name": "Saint Theresa",
    "mmdd": "10-15",
    "feast": "The Fifteenth Day of October"
  },
  {
    "id": "10-16_saint_eliphius",
    "name": "Saint Eliphius",
    "mmdd": "10-16",
    "feast": "The Sixteenth Day of October"
  },
  {
    "id": "10-17_saint_heron",
    "name": "Saint Heron",
    "mmdd": "10-17",
    "feast": "The Seventeenth Day of October"
  },
  {
    "id": "10-18_saint_asclepiades",
    "name": "Saint Asclepiades",
    "mmdd": "10-18",
    "feast": "The Eighteenth Day of October"
  },
  {
    "id": "10-19_saint_caprasius",
    "name": "Saint Caprasius",
    "mmdd": "10-19",
    "feast": "The Nineteenth Day of October"
  },
  {
    "id": "10-20_saint_john_cantius",
    "name": "Saint John Cantius",
    "mmdd": "10-20",
    "feast": "The Twentieth Day of October"
  },
  {
    "id": "10-21_saint_jerome",
    "name": "Saint Jerome",
    "mmdd": "10-21",
    "feast": "The Twenty-First Day of October"
  },
  {
    "id": "10-22_saint_philip",
    "name": "Saint Philip",
    "mmdd": "10-22",
    "feast": "The Twenty-Second Day of October"
  },
  {
    "id": "10-23_saint_servandus",
    "name": "Saint Servandus",
    "mmdd": "10-23",
    "feast": "The Twenty-Third Day of October"
  },
  {
    "id": "10-24_saint_felix",
    "name": "Saint Felix",
    "mmdd": "10-24",
    "feast": "The Twenty-Fourth Day of October"
  },
  {
    "id": "10-25_saint_chrysanthus",
    "name": "Saint Chrysanthus",
    "mmdd": "10-25",
    "feast": "The Twenty-Fifth Day of October"
  },
  {
    "id": "10-26_saint_evaristus",
    "name": "Saint Evaristus",
    "mmdd": "10-26",
    "feast": "The Twenty-Sixth Day of October"
  },
  {
    "id": "10-27_saint_florentius",
    "name": "Saint Florentius",
    "mmdd": "10-27",
    "feast": "The Twenty-Seventh Day of October"
  },
  {
    "id": "10-28_saint_cyrilla",
    "name": "Saint Cyrilla",
    "mmdd": "10-28",
    "feast": "The Twenty-Eighth Day of October"
  },
  {
    "id": "10-29_saint_hyacinthus",
    "name": "Saint Hyacinthus",
    "mmdd": "10-29",
    "feast": "The Twenty-Ninth Day of October"
  },
  {
    "id": "10-30_saint_marcellus",
    "name": "Saint Marcellus",
    "mmdd": "10-30",
    "feast": "The Thirtieth Day of October"
  },
  {
    "id": "10-31_saint_stephen",
    "name": "Saint Stephen",
    "mmdd": "10-31",
    "feast": "The Thirty-First Day of October"
  },
  {
    "id": "11-01_saint_caesarius",
    "name": "Saint Caesarius",
    "mmdd": "11-01",
    "feast": "The First Day of November"
  },
  {
    "id": "11-02_saint_victorinus",
    "name": "Saint Victorinus",
    "mmdd": "11-02",
    "feast": "The Second Day of November"
  },
  {
    "id": "11-03_saint_quartus",
    "name": "Saint Quartus",
    "mmdd": "11-03",
    "feast": "The Third Day of November"
  },
  {
    "id": "11-04_saint_charles_borromeo",
    "name": "Saint Charles Borromeo",
    "mmdd": "11-04",
    "feast": "The Fourth Day of November"
  },
  {
    "id": "11-05_saint_elizabeth",
    "name": "Saint Elizabeth",
    "mmdd": "11-05",
    "feast": "The Fifth Day of November"
  },
  {
    "id": "11-06_saint_felix",
    "name": "Saint Felix",
    "mmdd": "11-06",
    "feast": "The Sixth Day of November"
  },
  {
    "id": "11-07_saint_prosdocimus",
    "name": "Saint Prosdocimus",
    "mmdd": "11-07",
    "feast": "The Seventh Day of November"
  },
  {
    "id": "11-08_saint_deusdedit",
    "name": "Saint Deusdedit",
    "mmdd": "11-08",
    "feast": "The Eighth Day of November"
  },
  {
    "id": "11-09_saint_theodore",
    "name": "Saint Theodore",
    "mmdd": "11-09",
    "feast": "The Ninth Day of November"
  },
  {
    "id": "11-10_saint_andrew_avellini",
    "name": "Saint Andrew Avellini",
    "mmdd": "11-10",
    "feast": "The Tenth Day of November"
  },
  {
    "id": "11-11_saint_mennas",
    "name": "Saint Mennas",
    "mmdd": "11-11",
    "feast": "The Eleventh Day of November"
  },
  {
    "id": "11-12_saint_martin",
    "name": "Saint Martin",
    "mmdd": "11-12",
    "feast": "The Twelfth Day of November"
  },
  {
    "id": "11-13_saint_valentine",
    "name": "Saint Valentine",
    "mmdd": "11-13",
    "feast": "The Thirteenth Day of November"
  },
  {
    "id": "11-14_saint_josaphat",
    "name": "Saint Josaphat",
    "mmdd": "11-14",
    "feast": "The Fourteenth Day of November"
  },
  {
    "id": "11-15_saint_eugenius",
    "name": "Saint Eugenius",
    "mmdd": "11-15",
    "feast": "The Fifteenth Day of November"
  },
  {
    "id": "11-16_saint_rufinus",
    "name": "Saint Rufinus",
    "mmdd": "11-16",
    "feast": "The Sixteenth Day of November"
  },
  {
    "id": "11-17_saint_gregory",
    "name": "Saint Gregory",
    "mmdd": "11-17",
    "feast": "The Seventeenth Day of November"
  },
  {
    "id": "11-18_saint_romanus",
    "name": "Saint Romanus",
    "mmdd": "11-18",
    "feast": "The Eighteenth Day of November"
  },
  {
    "id": "11-19_saint_edmund",
    "name": "Saint Edmund",
    "mmdd": "11-19",
    "feast": "The Nineteenth Day of November"
  },
  {
    "id": "11-20_saint_ampelus",
    "name": "Saint Ampelus",
    "mmdd": "11-20",
    "feast": "The Twentieth Day of November"
  },
  {
    "id": "11-21_blessed_virgin_mary",
    "name": "Blessed Virgin Mary",
    "mmdd": "11-21",
    "feast": "The Twenty-First Day of November"
  },
  {
    "id": "11-22_saint_cecilia",
    "name": "Saint Cecilia",
    "mmdd": "11-22",
    "feast": "The Twenty-Second Day of November"
  },
  {
    "id": "11-23_saint_clement",
    "name": "Saint Clement",
    "mmdd": "11-23",
    "feast": "The Twenty-Third Day of November"
  },
  {
    "id": "11-24_saint_chrysogonus",
    "name": "Saint Chrysogonus",
    "mmdd": "11-24",
    "feast": "The Twenty-Fourth Day of November"
  },
  {
    "id": "11-25_saint_catharine",
    "name": "Saint Catharine",
    "mmdd": "11-25",
    "feast": "The Twenty-Fifth Day of November"
  },
  {
    "id": "11-26_saint_peter",
    "name": "Saint Peter",
    "mmdd": "11-26",
    "feast": "The Twenty-Sixth Day of November"
  },
  {
    "id": "11-27_saint_basileus",
    "name": "Saint Basileus",
    "mmdd": "11-27",
    "feast": "The Twenty-Seventh Day of November"
  },
  {
    "id": "11-28_saint_rufus",
    "name": "Saint Rufus",
    "mmdd": "11-28",
    "feast": "The Twenty-Eighth Day of November"
  },
  {
    "id": "11-29_saint_andrew",
    "name": "Saint Andrew",
    "mmdd": "11-29",
    "feast": "The Twenty-Ninth Day of November"
  },
  {
    "id": "11-30_saint_andrew",
    "name": "Saint Andrew",
    "mmdd": "11-30",
    "feast": "The Thirtieth Day of November"
  },
  {
    "id": "12-01_saint_diodorus",
    "name": "Saint Diodorus",
    "mmdd": "12-01",
    "feast": "The First Day of December"
  },
  {
    "id": "12-02_saint_eusebius",
    "name": "Saint Eusebius",
    "mmdd": "12-02",
    "feast": "The Second Day of December"
  },
  {
    "id": "12-03_saint_claudius",
    "name": "Saint Claudius",
    "mmdd": "12-03",
    "feast": "The Third Day of December"
  },
  {
    "id": "12-04_saint_barbara",
    "name": "Saint Barbara",
    "mmdd": "12-04",
    "feast": "The Fourth Day of December"
  },
  {
    "id": "12-05_saint_sabas",
    "name": "Saint Sabas",
    "mmdd": "12-05",
    "feast": "The Fifth Day of December"
  },
  {
    "id": "12-06_saint_nicholas",
    "name": "Saint Nicholas",
    "mmdd": "12-06",
    "feast": "The Sixth Day of December"
  },
  {
    "id": "12-07_saint_ambrose",
    "name": "Saint Ambrose",
    "mmdd": "12-07",
    "feast": "The Seventh Day of December"
  },
  {
    "id": "12-08_saint_macarius",
    "name": "Saint Macarius",
    "mmdd": "12-08",
    "feast": "The Eighth Day of December"
  },
  {
    "id": "12-09_saint_peter_fourier",
    "name": "Saint Peter Fourier",
    "mmdd": "12-09",
    "feast": "The Ninth Day of December"
  },
  {
    "id": "12-10_saint_melchiades",
    "name": "Saint Melchiades",
    "mmdd": "12-10",
    "feast": "The Tenth Day of December"
  },
  {
    "id": "12-11_saint_damasus",
    "name": "Saint Damasus",
    "mmdd": "12-11",
    "feast": "The Eleventh Day of December"
  },
  {
    "id": "12-12_saint_synesius",
    "name": "Saint Synesius",
    "mmdd": "12-12",
    "feast": "The Twelfth Day of December"
  },
  {
    "id": "12-13_saint_lucy",
    "name": "Saint Lucy",
    "mmdd": "12-13",
    "feast": "The Thirteenth Day of December"
  },
  {
    "id": "12-14_saint_heron",
    "name": "Saint Heron",
    "mmdd": "12-14",
    "feast": "The Fourteenth Day of December"
  },
  {
    "id": "12-15_blessed_virgin_mary",
    "name": "Blessed Virgin Mary",
    "mmdd": "12-15",
    "feast": "The Fifteenth Day of December"
  },
  {
    "id": "12-16_saint_valentine",
    "name": "Saint Valentine",
    "mmdd": "12-16",
    "feast": "The Sixteenth Day of December"
  },
  {
    "id": "12-17_saint_florian",
    "name": "Saint Florian",
    "mmdd": "12-17",
    "feast": "The Seventeenth Day of December"
  },
  {
    "id": "12-18_saint_polycarp",
    "name": "Saint Polycarp",
    "mmdd": "12-18",
    "feast": "The Eighteenth Day of December"
  },
  {
    "id": "12-19_saint_cyriacus",
    "name": "Saint Cyriacus",
    "mmdd": "12-19",
    "feast": "The Nineteenth Day of December"
  },
  {
    "id": "12-20_saint_thomas",
    "name": "Saint Thomas",
    "mmdd": "12-20",
    "feast": "The Twentieth Day of December"
  },
  {
    "id": "12-21_saint_john",
    "name": "Saint John",
    "mmdd": "12-21",
    "feast": "The Twenty-first Day of December"
  },
  {
    "id": "12-22_saint_flavian",
    "name": "Saint Flavian",
    "mmdd": "12-22",
    "feast": "The Twenty-Second Day of December"
  },
  {
    "id": "12-23_saint_anthimus",
    "name": "Saint Anthimus",
    "mmdd": "12-23",
    "feast": "The Twenty-Third Day of December"
  },
  {
    "id": "12-24_saint_lucian",
    "name": "Saint Lucian",
    "mmdd": "12-24",
    "feast": "The Twenty-Fourth Day of December"
  },
  {
    "id": "12-25_saint_anastasia",
    "name": "Saint Anastasia",
    "mmdd": "12-25",
    "feast": "The Twenty-Fifth Day of December"
  },
  {
    "id": "12-26_saint_stephen",
    "name": "Saint Stephen",
    "mmdd": "12-26",
    "feast": "The Twenty-Sixth Day of December"
  },
  {
    "id": "12-27_saint_john",
    "name": "Saint John",
    "mmdd": "12-27",
    "feast": "The Twenty-Seventh Day of December"
  },
  {
    "id": "12-28_saint_eutychius",
    "name": "Saint Eutychius",
    "mmdd": "12-28",
    "feast": "The Twenty-Eighth Day of December"
  },
  {
    "id": "12-29_saint_thomas",
    "name": "Saint Thomas",
    "mmdd": "12-29",
    "feast": "The Twenty-Ninth Day of December"
  },
  {
    "id": "12-30_saint_sabinus",
    "name": "Saint Sabinus",
    "mmdd": "12-30",
    "feast": "The Thirtieth Day of December"
  },
  {
    "id": "12-31_saint_silvester",
    "name": "Saint Silvester",
    "mmdd": "12-31",
    "feast": "The Thirty-First Day of December"
  }
]